<?xml version="1.0" encoding="UTF-8"?>
<project-private xmlns="http://www.netbeans.org/ns/project-private/1">
    <editor-bookmarks xmlns="http://www.netbeans.org/ns/editor-bookmarks/2" lastBookmarkId="0"/>
    <open-files xmlns="http://www.netbeans.org/ns/projectui-open-files/2">
        <group>
            <file>file:/C:/Users/Shipankar%20Sir/Desktop/Railway%20Management%20System/Railway_management_system/src/Cancel1.java</file>
            <file>file:/C:/Users/Shipankar%20Sir/Desktop/Railway%20Management%20System/Railway_management_system/src/Register1.java</file>
            <file>file:/C:/Users/Shipankar%20Sir/Desktop/Railway%20Management%20System/Railway_management_system/src/SignIn1.java</file>
            <file>file:/C:/Users/Shipankar%20Sir/Desktop/Railway%20Management%20System/Railway_management_system/src/Passenger1.java</file>
            <file>file:/C:/Users/Shipankar%20Sir/Desktop/Railway%20Management%20System/Railway_management_system/src/Booking1.java</file>
            <file>file:/C:/Users/Shipankar%20Sir/Desktop/Railway%20Management%20System/Railway_management_system/src/Train1.java</file>
        </group>
    </open-files>
</project-private>
